DateTime 	Ht-T-45 	 Ht-T-30 	Ht-T-15	Height 	BatVs
Thu Sep 5 16:45 	0.04 	0.04 	0.04 	0.03 	4.6
Thu Sep 5 15:41 	0.05 	0.05 	0.04 	0.04 	4.6
Thu Sep 5 14:41 	0.05 	0.05 	0.05 	0.06 	4.6
Thu Sep 5 13:44 	0.07 	0.04 	0.05 	0.06 	4.6
Thu Sep 5 12:45 	0.07 	0.07 	0.06 	0.06 	4.6
Thu Sep 5 11:41 	0.08 	0.07 	0.07 	0.07 	4.6
Thu Sep 5 10:42 	0.08 	0.08 	0.07 	0.08 	4.6
Thu Sep 5 09:45 	0.09 	0.08 	0.08 	0.08 	4.6
Thu Sep 5 07:44 	0.08 	0.08 	0.08 	0.08 	4.0
Thu Sep 5 06:43 	0.08 	0.08 	0.08 	0.08 	4.0
Thu Sep 5 05:41 	0.08 	0.08 	0.07 	0.08 	4.0
Thu Sep 5 04:44 	0.07 	0.08 	0.08 	0.08 	4.0
Thu Sep 5 02:42 	0.07 	0.08 	0.08 	0.07 	4.0
Thu Sep 5 01:41 	0.07 	0.07 	0.07 	0.07 	4.0
Thu Sep 5 00:41 	0.06 	0.06 	0.06 	0.07 	4.0
Wed Sep 4 23:48 	0.07 	0.07 	0.07 	0.07 	4.0
Wed Sep 4 22:44 	0.06 	0.06 	0.06 	0.06 	4.0
Wed Sep 4 21:49 	0.05 	0.06 	0.06 	0.06 	4.0
Wed Sep 4 20:41 	0.05 	0.05 	0.05 	0.06 	4.0
Wed Sep 4 19:47 	0.01 	0.03 	0.04 	0.04 	4.0
Wed Sep 4 18:45 	0.03 	0.04 	0.0 	0.0 	4.6
Wed Sep 4 17:43 	0.03 	0.02 	0.02 	0.03 	4.6
Wed Sep 4 16:42 	0.05 	0.04 	0.04 	0.02 	4.6
Wed Sep 4 15:47 	0.06 	0.05 	0.05 	0.05 	4.6
Wed Sep 4 14:46 	0.07 	0.06 	0.08 	0.07 	4.6
Wed Sep 4 13:44 	0.07 	0.05 	0.07 	0.07 	4.6
Wed Sep 4 12:42 	0.08 	0.07 	0.08 	0.06 	4.6
Wed Sep 4 11:45 	0.08 	0.08 	0.07 	0.08 	4.6
Wed Sep 4 11:43 	0.08 	0.08 	0.07 	0.08 	4.6
Wed Sep 4 10:47 	0.08 	0.09 	0.08 	0.08 	4.6
Wed Sep 4 09:44 	0.09 	0.09 	0.08 	0.08 	4.6
Wed Sep 4 07:48 	0.08 	0.09 	0.09 	0.09 	4.0
Wed Sep 4 05:44 	0.07 	0.08 	0.08 	0.08 	4.0
Wed Sep 4 04:49 	0.08 	0.08 	0.08 	0.07 	4.0
Wed Sep 4 03:42 	0.08 	0.07 	0.08 	0.08 	4.0
Wed Sep 4 02:50 	0.08 	0.07 	0.08 	0.08 	4.0
Wed Sep 4 00:44 	0.06 	0.07 	0.07 	0.07 	4.0
Tue Sep 3 22:42 	0.06 	0.06 	0.06 	0.06 	4.0
Tue Sep 3 21:50 	0.06 	0.06 	0.06 	0.06 	4.0
Tue Sep 3 20:46 	0.05 	0.06 	0.06 	0.07 	4.0
Tue Sep 3 19:42 	0.05 	0.05 	0.05 	0.05 	4.0
Tue Sep 3 18:42 	0.06 	0.06 	0.05 	0.05 	4.0
Tue Sep 3 17:45 	0.04 	0.04 	0.05 	0.06 	4.0
Tue Sep 3 16:48 	0.05 	0.06 	0.04 	0.06 	4.6
Tue Sep 3 15:43 	0.05 	0.05 	0.04 	0.04 	4.0
Tue Sep 3 14:43 	0.03 	0.04 	0.05 	0.05 	4.5
Tue Sep 3 13:47 	0.04 	0.03 	0.04 	0.03 	4.6
Tue Sep 3 12:48 	0.04 	0.05 	0.05 	0.05 	4.6
Tue Sep 3 11:43 	0.06 	0.05 	0.04 	0.05 	4.6
Tue Sep 3 10:44 	0.06 	0.06 	0.05 	0.06 	4.6
Tue Sep 3 09:49 	0.06 	0.06 	0.05 	0.06 	4.6
Tue Sep 3 08:51 	0.06 	0.07 	0.06 	0.07 	4.6
Tue Sep 3 07:45 	0.06 	0.06 	0.06 	0.06 	4.0
Tue Sep 3 06:46 	0.06 	0.06 	0.06 	0.05 	4.0
Tue Sep 3 05:44 	0.06 	0.05 	0.06 	0.05 	4.0
Tue Sep 3 04:46 	0.05 	0.05 	0.05 	0.06 	4.0
Tue Sep 3 03:49 	0.05 	0.06 	0.05 	0.05 	4.0
Tue Sep 3 02:45 	0.05 	0.06 	0.06 	0.05 	4.0
Tue Sep 3 00:50 	0.04 	0.04 	0.04 	0.05 	4.0
Mon Sep 2 23:49 	0.05 	0.08 	0.03 	0.04 	4.0
Mon Sep 2 22:47 	0.04 	0.04 	0.04 	0.05 	4.0
Mon Sep 2 21:46 	0.03 	0.04 	0.04 	0.05 	4.0
Mon Sep 2 20:44 	0.04 	0.05 	0.02 	0.03 	4.1
Mon Sep 2 19:50 	0.04 	0.04 	0.04 	0.04 	4.0
Mon Sep 2 18:49 	0.04 	0.04 	0.06 	0.04 	4.0
Mon Sep 2 17:55 	0.03 	0.02 	0.03 	0.04 	4.1
Mon Sep 2 16:45 	0.03 	0.02 	0.03 	0.02 	4.6
Mon Sep 2 15:46 	0.03 	0.02 	0.04 	0.04 	4.6
Mon Sep 2 14:49 	0.03 	0.03 	0.04 	0.04 	4.6
Mon Sep 2 13:53 	0.03 	0.04 	0.04 	0.03 	4.6
Mon Sep 2 12:46 	0.05 	0.05 	0.05 	0.04 	4.6
Mon Sep 2 11:49 	0.04 	0.05 	0.04 	0.04 	4.6
Mon Sep 2 10:51 	0.06 	0.06 	0.06 	0.06 	4.6
Mon Sep 2 09:46 	0.07 	0.07 	0.07 	0.07 	4.6
Mon Sep 2 08:47 	0.07 	0.08 	0.07 	0.07 	4.0
Mon Sep 2 07:54 	0.07 	0.07 	0.07 	0.07 	4.0
Mon Sep 2 06:52 	0.07 	0.06 	0.07 	0.07 	4.0
Mon Sep 2 05:49 	0.07 	0.07 	0.06 	0.07 	4.0
Mon Sep 2 04:53 	0.07 	0.06 	0.07 	0.07 	4.0
Mon Sep 2 03:55 	0.06 	0.06 	0.06 	0.06 	4.0
Mon Sep 2 02:52 	0.06 	0.06 	0.06 	0.06 	4.0
Mon Sep 2 01:51 	0.05 	0.05 	0.05 	0.06 	4.0
Mon Sep 2 00:46 	0.05 	0.04 	0.05 	0.05 	4.0
Sun Sep 1 23:49 	0.04 	0.05 	0.04 	0.06 	4.0
Sun Sep 1 22:46 	0.03 	0.04 	0.02 	0.03 	4.0
Sun Sep 1 21:52 	0.04 	0.04 	0.03 	0.04 	4.1
Sun Sep 1 20:49 	0.05 	0.06 	0.02 	0.04 	4.0
Sun Sep 1 19:49 	0.02 	0.03 	0.03 	0.04 	4.0
Sun Sep 1 18:47 	0.0 	0.01 	0.0 	0.01 	4.1
Sun Sep 1 17:54 	0.0 	2.55 	2.55 	0.0 	4.6
Sun Sep 1 16:51 	0.02 	0.03 	0.02 	0.0 	4.6
Sun Sep 1 15:47 	0.04 	0.04 	0.03 	0.03 	4.6
Sun Sep 1 14:55 	0.04 	0.05 	0.04 	0.04 	4.6
Sun Sep 1 13:49 	0.06 	0.05 	0.05 	0.05 	4.6
Sun Sep 1 12:50 	0.06 	0.06 	0.06 	0.06 	4.6
Sun Sep 1 11:55 	0.06 	0.07 	0.07 	0.07 	4.6
Sun Sep 1 10:48 	0.08 	0.07 	0.08 	0.08 	4.6
Sun Sep 1 09:51 	0.09 	0.08 	0.09 	0.07 	4.6
Sun Sep 1 08:54 	0.08 	0.09 	0.09 	0.09 	4.6
Sun Sep 1 07:49 	0.08 	0.09 	0.09 	0.09 	4.0
Sun Sep 1 06:50 	0.08 	0.08 	0.08 	0.08 	4.0
Sun Sep 1 05:55 	0.07 	0.08 	0.08 	0.08 	4.0
Sun Sep 1 02:49 	0.07 	0.07 	0.07 	0.07 	4.0
Sun Sep 1 00:53 	0.05 	0.06 	0.06 	0.07 	4.0
Sat Aug 31 23:55 	0.05 	0.05 	0.04 	0.06 	4.0
Sat Aug 31 22:49 	0.07 	0.06 	0.05 	0.05 	4.0
Sat Aug 31 20:48 	0.05 	0.05 	0.05 	0.05 	4.0
Sat Aug 31 18:51 	0.0 	2.55 	2.54 	0.0 	4.6
Sat Aug 31 17:52 	0.0 	2.54 	0.0 	0.0 	4.6
Sat Aug 31 16:50 	0.01 	0.02 	0.03 	0.0 	4.6
Sat Aug 31 15:53 	0.04 	0.04 	0.04 	0.03 	4.6
Sat Aug 31 14:52 	0.04 	0.05 	0.03 	0.05 	4.6
Sat Aug 31 13:50 	0.05 	0.04 	0.05 	0.05 	4.6
Sat Aug 31 12:49 	0.06 	0.06 	0.06 	0.06 	4.6
Sat Aug 31 11:52 	0.08 	0.06 	0.06 	0.07 	4.6
Sat Aug 31 10:54 	0.08 	0.08 	0.07 	0.06 	4.6
Sat Aug 31 09:51 	0.09 	0.09 	0.08 	0.09 	4.6
Sat Aug 31 08:50 	0.09 	0.09 	0.09 	0.1 	4.6
Sat Aug 31 07:54 	0.09 	0.09 	0.09 	0.09 	4.0
Sat Aug 31 05:52 	0.09 	0.09 	0.09 	0.09 	4.0
Sat Aug 31 04:52 	0.08 	0.08 	0.08 	0.08 	4.0
Sat Aug 31 03:50 	0.08 	0.08 	0.08 	0.08 	4.0
Sat Aug 31 02:54 	0.08 	0.08 	0.08 	0.08 	4.0
Sat Aug 31 00:50 	0.07 	0.08 	0.08 	0.08 	4.0
Fri Aug 30 23:50 	0.07 	0.06 	0.08 	0.07 	4.0
Fri Aug 30 22:55 	0.07 	0.07 	0.07 	0.08 	4.0
Fri Aug 30 20:52 	0.06 	0.04 	0.06 	0.06 	4.1
Fri Aug 30 19:52 	0.03 	0.04 	0.05 	0.07 	4.0
Fri Aug 30 18:50 	0.01 	0.0 	0.0 	0.02 	4.6
Fri Aug 30 17:57 	0.03 	0.0 	0.0 	0.04 	4.6
Fri Aug 30 16:54 	0.05 	0.04 	0.04 	0.03 	4.6
Fri Aug 30 15:59 	0.06 	0.05 	0.05 	0.05 	4.6
Fri Aug 30 14:58 	0.07 	0.07 	0.06 	0.06 	4.6
Fri Aug 30 13:52 	0.08 	0.06 	0.07 	0.07 	4.6
Fri Aug 30 12:52 	0.08 	0.09 	0.08 	0.08 	4.6
Fri Aug 30 11:51 	0.09 	0.08 	0.09 	0.08 	4.6
Fri Aug 30 10:51 	0.09 	0.1 	0.1 	0.08 	4.6
Fri Aug 30 09:55 	0.1 	0.11 	0.1 	0.11 	4.6
Fri Aug 30 08:57 	0.1 	0.1 	0.11 	0.11 	4.6
Fri Aug 30 07:51 	0.11 	0.1 	0.1 	0.11 	4.1
Fri Aug 30 06:52 	0.1 	0.1 	0.11 	0.11 	4.0
Fri Aug 30 03:55 	0.09 	0.09 	0.1 	0.1 	4.0
Fri Aug 30 02:51 	0.09 	0.09 	0.09 	0.09 	4.0
Fri Aug 30 02:00 	0.09 	0.1 	0.09 	0.1 	4.0
Fri Aug 30 00:56 	0.09 	0.1 	0.09 	0.09 	4.0
Thu Aug 29 23:56 	0.09 	0.09 	0.09 	0.1 	4.0
Thu Aug 29 22:53 	0.09 	0.09 	0.09 	0.09 	4.0
Thu Aug 29 20:51 	0.08 	0.08 	0.08 	0.08 	4.1
Thu Aug 29 19:51 	0.05 	0.06 	0.07 	0.07 	4.0
Thu Aug 29 18:54 	0.03 	0.01 	0.01 	0.04 	4.6
Thu Aug 29 16:51 	0.07 	0.07 	0.07 	0.05 	4.6
Thu Aug 29 15:55 	0.08 	0.08 	0.08 	0.08 	4.6
Thu Aug 29 14:53 	0.09 	0.09 	0.09 	0.09 	4.6
Thu Aug 29 13:58 	0.09 	0.08 	0.09 	0.09 	4.6
Thu Aug 29 12:52 	0.1 	0.1 	0.11 	0.09 	4.6
Thu Aug 29 11:53 	0.11 	0.11 	0.1 	0.1 	4.6
Thu Aug 29 10:56 	0.11 	0.11 	0.11 	0.11 	4.6
Thu Aug 29 09:52 	0.1 	0.11 	0.11 	0.11 	4.6
Thu Aug 29 08:53 	0.11 	0.12 	0.12 	0.12 	4.6
Thu Aug 29 07:57 	0.12 	0.11 	0.12 	0.11 	4.0
Thu Aug 29 06:58 	0.11 	0.11 	0.11 	0.11 	4.0
Thu Aug 29 05:54 	0.12 	0.11 	0.11 	0.11 	4.0
Thu Aug 29 04:56 	0.11 	0.12 	0.12 	0.11 	4.0
Thu Aug 29 03:51 	0.11 	0.1 	0.11 	0.11 	4.0
Thu Aug 29 02:57 	0.1 	0.1 	0.11 	0.1 	4.0
Thu Aug 29 01:57 	0.1 	0.1 	0.1 	0.1 	4.0
Thu Aug 29 00:54 	0.1 	0.09 	0.1 	0.1 	4.0
Wed Aug 28 22:51 	0.1 	0.1 	0.1 	0.1 	4.0
Wed Aug 28 22:01 	0.09 	0.09 	0.1 	0.1 	4.0
Wed Aug 28 20:55 	0.09 	0.09 	0.09 	0.09 	4.0
Wed Aug 28 19:57 	0.09 	0.09 	0.08 	0.09 	4.1
Wed Aug 28 18:51 	0.08 	0.08 	0.08 	0.09 	4.1
Wed Aug 28 17:51 	0.08 	0.07 	0.08 	0.07 	4.6
Wed Aug 28 16:57 	0.08 	0.08 	0.08 	0.07 	4.6
Wed Aug 28 15:52 	0.09 	0.09 	0.09 	0.09 	4.6
Wed Aug 28 14:51 	0.1 	0.09 	0.09 	0.1 	4.6
Wed Aug 28 13:56 	0.1 	0.1 	0.1 	0.1 	4.6
Wed Aug 28 12:56 	0.11 	0.1 	0.1 	0.1 	4.6
Wed Aug 28 10:53 	0.12 	0.12 	0.12 	0.12 	4.6
Wed Aug 28 09:57 	0.12 	0.12 	0.12 	0.13 	4.6
Wed Aug 28 09:00 	0.12 	0.12 	0.11 	0.12 	4.6
Wed Aug 28 06:55 	0.11 	0.11 	0.11 	0.11 	4.0
Wed Aug 28 05:51 	0.11 	0.11 	0.11 	0.11 	4.0
Wed Aug 28 03:58 	0.08 	0.08 	0.08 	0.1 	4.0
Wed Aug 28 02:55 	0.07 	0.07 	0.07 	0.08 	4.0
Wed Aug 28 01:54 	0.07 	0.07 	0.07 	0.07 	4.1
Wed Aug 28 00:51 	0.06 	0.07 	0.07 	0.06 	4.0
Wed Aug 28 00:00 	0.06 	0.06 	0.06 	0.07 	4.0
Tue Aug 27 22:55 	0.05 	0.05 	0.06 	0.05 	4.1
Tue Aug 27 21:56 	0.05 	0.05 	0.05 	0.05 	4.1
Tue Aug 27 20:51 	0.04 	0.06 	0.06 	0.06 	4.0
Tue Aug 27 19:52 	0.03 	0.04 	0.04 	0.04 	4.1
Tue Aug 27 18:57 	0.02 	0.0 	0.01 	0.03 	4.6
Tue Aug 27 16:54 	0.04 	0.04 	0.04 	0.04 	4.6
Tue Aug 27 14:56 	0.06 	0.06 	0.06 	0.05 	4.6
Tue Aug 27 13:53 	0.08 	0.07 	0.07 	0.07 	4.6
Tue Aug 27 12:53 	0.09 	0.09 	0.08 	0.08 	4.6
Tue Aug 27 11:57 	0.1 	0.09 	0.09 	0.09 	4.6
Tue Aug 27 10:57 	0.1 	0.09 	0.11 	0.09 	4.6
Tue Aug 27 09:54 	0.11 	0.1 	0.1 	0.1 	4.6
Tue Aug 27 08:56 	0.1 	0.11 	0.11 	0.11 	4.6
Tue Aug 27 08:01 	0.1 	0.1 	0.11 	0.11 	4.0
Tue Aug 27 06:53 	0.1 	0.1 	0.1 	0.11 	4.0
Tue Aug 27 05:56 	0.1 	0.1 	0.1 	0.1 	4.0
Tue Aug 27 03:55 	0.1 	0.1 	0.1 	0.1 	4.0
Tue Aug 27 03:01 	0.09 	0.09 	0.09 	0.1 	4.0
Tue Aug 27 01:59 	0.09 	0.09 	0.1 	0.1 	4.0
Tue Aug 27 00:57 	0.1 	0.09 	0.1 	0.09 	4.0
Mon Aug 26 23:56 	0.07 	0.08 	0.09 	0.08 	4.1
Mon Aug 26 22:54 	0.07 	0.07 	0.07 	0.07 	4.1
Mon Aug 26 21:54 	0.08 	0.08 	0.08 	0.07 	4.1
Mon Aug 26 20:57 	0.07 	0.07 	0.07 	0.07 	4.1
Mon Aug 26 19:57 	0.05 	0.05 	0.06 	0.06 	4.1
Mon Aug 26 18:54 	0.02 	0.01 	0.03 	0.04 	4.6
Mon Aug 26 17:56 	0.05 	0.06 	0.05 	0.02 	4.6
Mon Aug 26 16:59 	0.07 	0.07 	0.07 	0.06 	4.6
Mon Aug 26 15:58 	0.07 	0.07 	0.06 	0.07 	4.6
Mon Aug 26 14:54 	0.09 	0.08 	0.08 	0.08 	4.6
Mon Aug 26 13:58 	0.1 	0.08 	0.08 	0.08 	4.6
Mon Aug 26 12:59 	0.1 	0.09 	0.09 	0.09 	4.6
Mon Aug 26 12:01 	0.1 	0.1 	0.09 	0.09 	4.6
Mon Aug 26 10:56 	0.1 	0.1 	0.1 	0.1 	4.6
Mon Aug 26 10:00 	0.1 	0.11 	0.1 	0.1 	4.6
Mon Aug 26 09:01 	0.11 	0.11 	0.11 	0.1 	4.6
Mon Aug 26 06:59 	0.11 	0.11 	0.1 	0.11 	4.0
Mon Aug 26 05:55 	0.1 	0.11 	0.11 	0.11 	4.0
Mon Aug 26 03:54 	0.1 	0.09 	0.1 	0.1 	4.0
Mon Aug 26 02:57 	0.09 	0.09 	0.09 	0.1 	4.1
Mon Aug 26 01:57 	0.09 	0.09 	0.09 	0.1 	4.1
Mon Aug 26 00:54 	0.09 	0.09 	0.09 	0.09 	4.1
Sun Aug 25 23:54 	0.09 	0.09 	0.09 	0.09 	4.1
Sun Aug 25 22:56 	0.08 	0.08 	0.08 	0.08 	4.1
Sun Aug 25 21:59 	0.07 	0.08 	0.08 	0.08 	4.1
Sun Aug 25 20:55 	0.08 	0.09 	0.08 	0.08 	4.1
Sun Aug 25 19:57 	0.05 	0.06 	0.07 	0.08 	4.1
Sun Aug 25 19:00 	0.03 	0.02 	0.02 	0.04 	4.1
Sun Aug 25 16:57 	0.07 	0.07 	0.06 	0.06 	4.6
Sun Aug 25 15:55 	0.08 	0.07 	0.08 	0.07 	4.6
Sun Aug 25 14:59 	0.09 	0.08 	0.08 	0.08 	4.6
Sun Aug 25 13:56 	0.09 	0.08 	0.09 	0.08 	4.5
Sun Aug 25 12:55 	0.09 	0.1 	0.09 	0.09 	4.6
Sun Aug 25 11:57 	0.1 	0.09 	0.1 	0.09 	5.7
Sun Aug 25 11:01 	0.11 	0.11 	0.1 	0.1 	4.6
Sun Aug 25 09:58 	0.11 	0.11 	0.11 	0.1 	4.6
Sun Aug 25 08:57 	0.11 	0.12 	0.12 	0.11 	4.6
Sun Aug 25 06:55 	0.11 	0.12 	0.12 	0.11 	4.0
Sun Aug 25 05:59 	0.1 	0.11 	0.1 	0.1 	4.0
Sun Aug 25 03:58 	0.1 	0.11 	0.11 	0.11 	4.0
Sun Aug 25 02:03 	0.1 	0.1 	0.1 	0.1 	4.1
Sun Aug 25 00:59 	0.09 	0.1 	0.1 	0.1 	4.0
Sun Aug 25 00:00 	0.1 	0.1 	0.1 	0.1 	4.1
Sat Aug 24 22:57 	0.09 	0.09 	0.09 	0.1 	4.1
Sat Aug 24 21:55 	0.09 	0.09 	0.09 	0.09 	4.1
Sat Aug 24 21:01 	0.09 	0.09 	0.09 	0.09 	4.1
Sat Aug 24 19:56 	0.09 	0.09 	0.09 	0.09 	4.1
Sat Aug 24 18:57 	0.08 	0.08 	0.09 	0.09 	4.1
Sat Aug 24 17:57 	0.08 	0.07 	0.08 	0.08 	4.1
Sat Aug 24 17:02 	0.09 	0.08 	0.08 	0.08 	4.6
Sat Aug 24 16:01 	0.09 	0.09 	0.08 	0.09 	4.6
Sat Aug 24 14:57 	0.09 	0.09 	0.09 	0.09 	4.6
Sat Aug 24 13:58 	0.09 	0.08 	0.09 	0.09 	4.6
Sat Aug 24 13:02 	0.1 	0.1 	0.1 	0.09 	4.6
Sat Aug 24 12:03 	0.1 	0.1 	0.11 	0.1 	4.6
Sat Aug 24 10:58 	0.12 	0.1 	0.1 	0.1 	4.6
Sat Aug 24 10:03 	0.11 	0.1 	0.11 	0.12 	4.6
Sat Aug 24 08:57 	0.12 	0.11 	0.12 	0.11 	4.6
Sat Aug 24 07:00 	0.11 	0.11 	0.11 	0.11 	4.0
Sat Aug 24 05:57 	0.1 	0.1 	0.11 	0.1 	4.0
Sat Aug 24 03:57 	0.1 	0.1 	0.1 	0.1 	4.0
Sat Aug 24 02:00 	0.09 	0.09 	0.09 	0.09 	4.0
Sat Aug 24 01:05 	0.1 	0.09 	0.09 	0.08 	4.1
Fri Aug 23 23:58 	0.08 	0.08 	0.09 	0.09 	4.1
Fri Aug 23 23:01 	0.09 	0.09 	0.08 	0.09 	4.1
Fri Aug 23 22:02 	0.08 	0.08 	0.08 	0.09 	4.1
Fri Aug 23 20:58 	0.08 	0.07 	0.09 	0.08 	4.1
Fri Aug 23 19:59 	0.06 	0.07 	0.07 	0.06 	4.1
Fri Aug 23 19:02 	0.06 	0.05 	0.05 	0.05 	4.6
Fri Aug 23 18:03 	0.06 	0.05 	0.07 	0.07 	4.6
Fri Aug 23 16:58 	0.06 	0.07 	0.06 	0.05 	4.2
Fri Aug 23 15:59 	0.05 	0.08 	0.06 	0.07 	4.1
Fri Aug 23 15:04 	0.07 	0.06 	0.06 	0.06 	4.6
Fri Aug 23 14:05 	0.07 	0.06 	0.06 	0.07 	4.6
Fri Aug 23 13:01 	0.08 	0.08 	0.08 	0.07 	4.6
Fri Aug 23 10:59 	0.11 	0.1 	0.1 	0.1 	4.6
Fri Aug 23 10:01 	0.1 	0.1 	0.11 	0.11 	4.6
Fri Aug 23 09:00 	0.11 	0.12 	0.11 	0.11 	4.6
Fri Aug 23 08:04 	0.11 	0.11 	0.11 	0.11 	4.1
Fri Aug 23 07:05 	0.12 	0.11 	0.11 	0.11 	4.0
Fri Aug 23 06:02 	0.11 	0.11 	0.11 	0.11 	4.0
Fri Aug 23 05:04 	0.1 	0.1 	0.1 	0.1 	4.0
Fri Aug 23 04:01 	0.09 	0.1 	0.1 	0.1 	4.1
Fri Aug 23 01:59 	0.09 	0.1 	0.09 	0.1 	4.0
Fri Aug 23 01:03 	0.1 	0.09 	0.09 	0.09 	4.0
Fri Aug 23 00:04 	0.08 	0.09 	0.09 	0.09 	4.1
Thu Aug 22 23:07 	0.09 	0.09 	0.09 	0.09 	4.1
Thu Aug 22 22:02 	0.08 	0.09 	0.08 	0.09 	4.1
Thu Aug 22 21:05 	0.08 	0.08 	0.08 	0.08 	4.1
Thu Aug 22 20:04 	0.06 	0.07 	0.07 	0.07 	4.1
Thu Aug 22 19:02 	2.54 	0.01 	0.02 	0.03 	4.6
Thu Aug 22 18:01 	0.04 	0.05 	0.04 	0.01 	4.6
Thu Aug 22 17:05 	0.06 	0.06 	0.05 	0.04 	4.6
Thu Aug 22 16:04 	0.08 	0.07 	0.07 	0.07 	4.6
Thu Aug 22 15:00 	0.09 	0.09 	0.08 	0.08 	4.6
Thu Aug 22 14:01 	0.1 	0.09 	0.09 	0.09 	4.6
Thu Aug 22 13:06 	0.1 	0.11 	0.1 	0.1 	4.6
Thu Aug 22 12:06 	0.1 	0.1 	0.09 	0.1 	4.6
Thu Aug 22 11:02 	0.12 	0.11 	0.11 	0.11 	4.6
Thu Aug 22 10:07 	0.11 	0.11 	0.11 	0.12 	4.6
Thu Aug 22 09:07 	0.12 	0.12 	0.12 	0.12 	4.6
Thu Aug 22 07:04 	0.12 	0.12 	0.12 	0.13 	4.0
Thu Aug 22 06:08 	0.12 	0.12 	0.12 	0.12 	4.0
Thu Aug 22 04:07 	0.11 	0.11 	0.11 	0.12 	4.0
Thu Aug 22 02:01 	0.1 	0.11 	0.11 	0.11 	4.0
Thu Aug 22 01:08 	0.1 	0.09 	0.11 	0.1 	4.0
Thu Aug 22 00:01 	0.1 	0.1 	0.09 	0.11 	4.0
Wed Aug 21 23:05 	0.09 	0.1 	0.09 	0.1 	4.0
Wed Aug 21 22:06 	0.09 	0.09 	0.11 	0.09 	4.1
Wed Aug 21 21:02 	0.09 	0.09 	0.09 	0.1 	4.1
Wed Aug 21 20:01 	0.07 	0.08 	0.08 	0.09 	4.1
Wed Aug 21 19:08 	0.02 	0.06 	0.06 	0.06 	4.6
Wed Aug 21 18:06 	0.09 	0.08 	0.07 	0.05 	4.6
Wed Aug 21 17:01 	0.11 	0.11 	0.1 	0.09 	4.0
Wed Aug 21 16:02 	0.09 	0.09 	0.09 	0.08 	4.1
Wed Aug 21 15:06 	0.1 	0.11 	0.1 	0.09 	4.6
Wed Aug 21 14:07 	0.09 	0.1 	0.1 	0.09 	4.6
Wed Aug 21 13:03 	0.09 	0.1 	0.1 	0.11 	4.6
Wed Aug 21 12:05 	0.11 	0.11 	0.1 	0.11 	4.6
Wed Aug 21 11:02 	0.12 	0.12 	0.11 	0.11 	4.5
Wed Aug 21 10:08 	0.12 	0.12 	0.12 	0.12 	4.6
Wed Aug 21 09:04 	0.12 	0.13 	0.14 	0.12 	4.6
Wed Aug 21 07:09 	0.12 	0.11 	0.13 	0.11 	4.0
Wed Aug 21 06:05 	0.11 	0.12 	0.13 	0.12 	4.0
Wed Aug 21 05:08 	0.12 	0.11 	0.12 	0.11 	4.0
Wed Aug 21 04:05 	0.11 	0.11 	0.12 	0.1 	4.0
Wed Aug 21 03:04 	0.11 	0.11 	0.11 	0.12 	4.0
Wed Aug 21 02:02 	0.11 	0.11 	0.12 	0.11 	4.0
Wed Aug 21 01:02 	0.11 	0.1 	0.1 	0.12 	4.0
Wed Aug 21 00:05 	0.1 	0.1 	0.1 	0.11 	4.0
Tue Aug 20 23:07 	0.11 	0.11 	0.1 	0.1 	4.1
Tue Aug 20 22:02 	0.1 	0.1 	0.11 	0.11 	4.1
Tue Aug 20 21:07 	0.1 	0.1 	0.09 	0.1 	4.1
Tue Aug 20 20:08 	0.09 	0.09 	0.09 	0.1 	4.1
Tue Aug 20 19:03 	0.08 	0.08 	0.07 	0.08 	4.1
Tue Aug 20 18:04 	0.08 	0.09 	0.08 	0.08 	4.1
Tue Aug 20 17:05 	0.1 	0.1 	0.09 	0.1 	4.6
Tue Aug 20 16:08 	0.09 	0.09 	0.1 	0.09 	4.2
Tue Aug 20 15:03 	0.1 	0.1 	0.09 	0.09 	4.6
Tue Aug 20 14:04 	0.1 	0.1 	0.11 	0.11 	4.6
Tue Aug 20 13:08 	0.12 	0.13 	0.11 	0.12 	4.6
Tue Aug 20 12:11 	0.14 	0.14 	0.13 	0.13 	4.6
Tue Aug 20 11:05 	0.14 	0.14 	0.14 	0.14 	4.5
Tue Aug 20 09:04 	0.15 	0.15 	0.14 	0.13 	4.6
Tue Aug 20 08:11 	0.14 	0.14 	0.14 	0.14 	4.5
Tue Aug 20 07:06 	0.14 	0.13 	0.14 	0.14 	4.0
Tue Aug 20 06:08 	0.13 	0.14 	0.14 	0.14 	4.0
Tue Aug 20 05:06 	0.13 	0.14 	0.14 	0.14 	4.0
Tue Aug 20 04:11 	0.12 	0.13 	0.13 	0.13 	4.0
Tue Aug 20 02:08 	0.12 	0.12 	0.13 	0.12 	4.0
Tue Aug 20 00:04 	0.11 	0.11 	0.12 	0.12 	4.0
Mon Aug 19 23:08 	0.11 	0.11 	0.11 	0.11 	4.1
Mon Aug 19 22:09 	0.11 	0.1 	0.11 	0.11 	4.1
Mon Aug 19 21:13 	0.11 	0.11 	0.11 	0.1 	4.1
Mon Aug 19 20:04 	0.11 	0.1 	0.1 	0.1 	4.1
Mon Aug 19 19:11 	0.1 	0.09 	0.1 	0.1 	4.1
Mon Aug 19 18:10 	0.09 	0.09 	0.09 	0.09 	4.1
Mon Aug 19 17:05 	0.09 	0.08 	0.08 	0.08 	4.1
Mon Aug 19 16:05 	0.08 	0.08 	0.09 	0.1 	4.1
Mon Aug 19 15:09 	0.09 	0.1 	0.1 	0.09 	4.1
Mon Aug 19 14:10 	0.1 	0.09 	0.11 	0.1 	4.6
Mon Aug 19 13:06 	0.11 	0.12 	0.11 	0.11 	4.6
Mon Aug 19 13:06 	0.11 	0.12 	0.11 	0.11 	4.6
Mon Aug 19 12:07 	0.12 	0.11 	0.11 	0.12 	4.6
Mon Aug 19 11:11 	0.12 	0.13 	0.13 	0.12 	4.6
Mon Aug 19 10:15 	0.13 	0.12 	0.12 	0.12 	4.6
Mon Aug 19 09:09 	0.13 	0.14 	0.14 	0.12 	4.6
Mon Aug 19 08:10 	0.13 	0.13 	0.13 	0.13 	4.0
Mon Aug 19 07:11 	0.12 	0.12 	0.13 	0.13 	4.0
Mon Aug 19 06:13 	0.12 	0.12 	0.12 	0.13 	4.0
Mon Aug 19 05:11 	0.12 	0.12 	0.12 	0.12 	4.1
Mon Aug 19 04:07 	0.12 	0.12 	0.12 	0.12 	4.0
Mon Aug 19 03:07 	0.11 	0.11 	0.11 	0.12 	4.1
Mon Aug 19 02:12 	0.11 	0.12 	0.12 	0.11 	4.1
Mon Aug 19 00:10 	0.11 	0.11 	0.11 	0.11 	4.1
Sun Aug 18 23:08 	0.1 	0.11 	0.11 	0.11 	4.1
Sun Aug 18 22:06 	0.1 	0.11 	0.11 	0.1 	4.1
Sun Aug 18 20:11 	0.1 	0.1 	0.1 	0.1 	4.1
Sun Aug 18 18:10 	0.09 	0.08 	0.08 	0.09 	4.1
Sun Aug 18 17:16 	0.08 	0.08 	0.04 	0.06 	4.1
Sun Aug 18 15:15 	0.11 	0.1 	0.11 	0.1 	4.6
Sun Aug 18 14:09 	0.11 	0.11 	0.12 	0.11 	4.6
Sun Aug 18 13:11 	0.12 	0.13 	0.12 	0.12 	6.1
Sun Aug 18 12:12 	0.14 	0.12 	0.11 	0.13 	4.6
Sun Aug 18 11:08 	0.16 	0.14 	0.16 	0.14 	4.6
Sun Aug 18 10:09 	0.16 	0.14 	0.15 	0.16 	4.6
Sun Aug 18 09:13 	0.16 	0.16 	0.16 	0.17 	4.6
Sun Aug 18 07:18 	0.15 	0.16 	0.16 	0.15 	4.0
Sun Aug 18 06:11 	0.15 	0.15 	0.15 	0.16 	4.0
Sun Aug 18 05:09 	0.15 	0.15 	0.15 	0.16 	4.0
Sun Aug 18 03:13 	0.15 	0.14 	0.15 	0.15 	4.1
Sun Aug 18 02:10 	0.14 	0.15 	0.15 	0.16 	4.1
Sun Aug 18 00:14 	0.14 	0.14 	0.14 	0.15 	4.1
Sat Aug 17 23:11 	0.13 	0.14 	0.13 	0.13 	4.1
Sat Aug 17 22:11 	0.14 	0.13 	0.15 	0.13 	4.1
Sat Aug 17 20:09 	0.13 	0.13 	0.14 	0.13 	4.1
Sat Aug 17 18:13 	0.11 	0.12 	0.12 	0.09 	4.6
Sat Aug 17 17:12 	0.14 	0.14 	0.12 	0.15 	4.6
Sat Aug 17 16:17 	0.16 	0.16 	0.17 	0.15 	4.6
Sat Aug 17 15:11 	0.2 	0.19 	0.18 	0.19 	4.6
Sat Aug 17 14:12 	0.21 	0.2 	0.2 	0.19 	4.6
Sat Aug 17 13:10 	0.21 	0.22 	0.2 	0.21 	4.6
Sat Aug 17 12:11 	0.19 	0.21 	0.21 	0.2 	4.6
Sat Aug 17 11:14 	0.2 	0.2 	0.2 	0.2 	4.6
Sat Aug 17 10:15 	0.19 	0.19 	0.19 	0.2 	4.6
Sat Aug 17 09:11 	0.19 	0.18 	0.2 	0.19 	4.6
Sat Aug 17 08:20 	0.18 	0.17 	0.19 	0.19 	4.6
Sat Aug 17 07:18 	0.18 	0.18 	0.18 	0.18 	4.0
Sat Aug 17 04:19 	0.17 	0.17 	0.17 	0.18 	4.0
Sat Aug 17 02:15 	0.16 	0.15 	0.16 	0.17 	4.0
Sat Aug 17 01:15 	0.15 	0.15 	0.15 	0.15 	4.1
Sat Aug 17 00:11 	0.15 	0.15 	0.15 	0.16 	4.0
Fri Aug 16 22:17 	0.14 	0.15 	0.15 	0.14 	4.0
Fri Aug 16 21:18 	0.13 	0.13 	0.13 	0.13 	4.1
Fri Aug 16 20:13 	0.12 	0.12 	0.13 	0.12 	4.1
Fri Aug 16 18:11 	0.1 	0.1 	0.11 	0.08 	4.6
Fri Aug 16 16:15 	0.12 	0.11 	0.15 	0.12 	4.6
Fri Aug 16 15:12 	0.14 	0.13 	0.13 	0.12 	4.6
Fri Aug 16 13:15 	0.14 	0.13 	0.13 	0.14 	4.6
Fri Aug 16 12:16 	0.14 	0.14 	0.14 	0.14 	4.6
Fri Aug 16 11:12 	0.16 	0.15 	0.15 	0.15 	4.6
Fri Aug 16 10:12 	0.15 	0.16 	0.15 	0.15 	4.6
Fri Aug 16 09:16 	0.15 	0.16 	0.16 	0.15 	4.6
Fri Aug 16 07:14 	0.16 	0.15 	0.15 	0.16 	4.0
Fri Aug 16 05:20 	0.16 	0.15 	0.14 	0.15 	4.0
Fri Aug 16 04:14 	0.15 	0.14 	0.15 	0.15 	4.0
Fri Aug 16 03:19 	0.14 	0.14 	0.14 	0.15 	4.0
Fri Aug 16 02:12 	0.14 	0.14 	0.14 	0.14 	4.0
Fri Aug 16 01:12 	0.14 	0.14 	0.14 	0.15 	4.0
Fri Aug 16 00:17 	0.13 	0.14 	0.14 	0.14 	4.1
Thu Aug 15 23:18 	0.13 	0.13 	0.13 	0.13 	4.1
Thu Aug 15 22:15 	0.13 	0.13 	0.13 	0.13 	4.1
Thu Aug 15 21:13 	0.13 	0.13 	0.12 	0.13 	4.1
Thu Aug 15 20:12 	0.12 	0.13 	0.13 	0.13 	4.1
Thu Aug 15 18:13 	0.11 	0.09 	0.11 	0.09 	4.6
Thu Aug 15 16:19 	0.14 	0.14 	0.12 	0.12 	4.6
Thu Aug 15 15:14 	0.15 	0.16 	0.15 	0.15 	4.6
Thu Aug 15 14:16 	0.16 	0.17 	0.16 	0.16 	4.6
Thu Aug 15 13:21 	0.19 	0.17 	0.18 	0.17 	4.6
Thu Aug 15 12:22 	0.2 	0.18 	0.18 	0.18 	4.6
Thu Aug 15 11:16 	0.21 	0.2 	0.21 	0.21 	4.6
Thu Aug 15 10:18 	0.2 	0.21 	0.19 	0.21 	4.6
Thu Aug 15 09:14 	0.21 	0.21 	0.22 	0.21 	4.6
Thu Aug 15 08:16 	0.21 	0.22 	0.22 	0.21 	4.6
Thu Aug 15 07:19 	0.23 	0.23 	0.22 	0.23 	4.0
Thu Aug 15 05:17 	0.23 	0.22 	0.22 	0.23 	4.0
Thu Aug 15 04:14 	0.23 	0.23 	0.22 	0.21 	4.0
Thu Aug 15 03:22 	0.22 	0.22 	0.23 	0.23 	4.0
Thu Aug 15 02:18 	0.22 	0.22 	0.23 	0.22 	4.0
Thu Aug 15 00:15 	0.21 	0.21 	0.22 	0.22 	4.0
Wed Aug 14 23:23 	0.22 	0.21 	0.21 	0.21 	4.1
Wed Aug 14 22:20 	0.22 	0.21 	0.21 	0.22 	4.0
Wed Aug 14 21:19 	0.23 	0.22 	0.22 	0.21 	4.1
Wed Aug 14 20:17 	0.25 	0.24 	0.23 	0.23 	4.1
Wed Aug 14 19:17 	0.26 	0.25 	0.24 	0.24 	4.6
Wed Aug 14 18:15 	0.26 	0.26 	0.26 	0.26 	4.0
Wed Aug 14 17:22 	0.27 	0.25 	0.25 	0.26 	4.6
Wed Aug 14 16:15 	0.29 	0.28 	0.27 	0.28 	4.1
Wed Aug 14 15:20 	0.31 	0.3 	0.29 	0.29 	4.6
Wed Aug 14 14:20 	0.31 	0.31 	0.3 	0.3 	4.6
Wed Aug 14 13:17 	0.33 	0.32 	0.32 	0.32 	4.6
Wed Aug 14 12:17 	0.33 	0.32 	0.33 	0.33 	4.6
Wed Aug 14 11:15 	0.33 	0.34 	0.33 	0.34 	4.6
Wed Aug 14 10:24 	0.34 	0.34 	0.34 	0.34 	4.6
Wed Aug 14 09:19 	0.35 	0.35 	0.35 	0.34 	5.8
Wed Aug 14 08:20 	0.35 	0.35 	0.36 	0.36 	4.6
Wed Aug 14 07:16 	0.36 	0.37 	0.36 	0.36 	4.0
Wed Aug 14 06:18 	0.37 	0.38 	0.36 	0.36 	4.0
Wed Aug 14 05:24 	0.37 	0.38 	0.38 	0.37 	4.0
Wed Aug 14 04:21 	0.39 	0.38 	0.38 	0.38 	4.0
Wed Aug 14 03:19 	0.39 	0.39 	0.39 	0.39 	4.0
Wed Aug 14 02:15 	0.4 	0.39 	0.4 	0.39 	4.0
Wed Aug 14 01:16 	0.41 	0.41 	0.41 	0.4 	4.0
Wed Aug 14 00:20 	0.41 	0.41 	0.41 	0.41 	4.0
Tue Aug 13 22:17 	0.31 	0.32 	0.33 	0.35 	4.0
Tue Aug 13 21:17 	0.25 	0.27 	0.28 	0.29 	4.0
Tue Aug 13 20:24 	0.18 	0.18 	0.19 	0.23 	4.0
Tue Aug 13 18:18 	0.16 	0.15 	0.15 	0.16 	4.1
Tue Aug 13 16:21 	0.1 	0.11 	0.11 	0.11 	4.1
Tue Aug 13 15:17 	0.11 	0.12 	0.11 	0.11 	4.6
Tue Aug 13 14:17 	0.12 	0.12 	0.12 	0.12 	4.6
Tue Aug 13 12:16 	0.13 	0.12 	0.12 	0.13 	4.6
Tue Aug 13 11:19 	0.13 	0.13 	0.13 	0.13 	4.6
Tue Aug 13 10:21 	0.13 	0.13 	0.13 	0.13 	4.6
Tue Aug 13 09:17 	0.14 	0.14 	0.14 	0.13 	4.6
Tue Aug 13 08:17 	0.14 	0.14 	0.15 	0.14 	4.6
Tue Aug 13 07:21 	0.13 	0.14 	0.14 	0.14 	4.0
Tue Aug 13 06:23 	0.15 	0.13 	0.13 	0.13 	4.0
Tue Aug 13 05:20 	0.13 	0.13 	0.14 	0.13 	4.0
Tue Aug 13 04:17 	0.13 	0.14 	0.13 	0.13 	4.0
Tue Aug 13 03:17 	0.12 	0.13 	0.13 	0.13 	4.0
Tue Aug 13 02:21 	0.12 	0.12 	0.12 	0.12 	4.1
Tue Aug 13 01:22 	0.12 	0.12 	0.12 	0.11 	4.0
Tue Aug 13 00:17 	0.11 	0.11 	0.12 	0.12 	4.0
Mon Aug 12 23:18 	0.11 	0.11 	0.12 	0.11 	4.0
Mon Aug 12 22:17 	0.12 	0.13 	0.12 	0.11 	4.0
Mon Aug 12 20:19 	0.11 	0.1 	0.11 	0.11 	4.1
Mon Aug 12 19:18 	0.08 	0.1 	0.11 	0.11 	4.2
Mon Aug 12 18:18 	0.09 	0.08 	0.07 	0.06 	4.6
Mon Aug 12 17:25 	0.11 	0.12 	0.11 	0.09 	4.6
Mon Aug 12 16:18 	0.11 	0.11 	0.14 	0.13 	4.6
Mon Aug 12 15:23 	0.12 	0.12 	0.12 	0.12 	4.6
Mon Aug 12 14:18 	0.13 	0.13 	0.12 	0.13 	4.6
Mon Aug 12 13:27 	0.13 	0.13 	0.14 	0.13 	4.6
Mon Aug 12 12:21 	0.13 	0.14 	0.14 	0.13 	4.6
Mon Aug 12 11:25 	0.14 	0.13 	0.13 	0.14 	4.6
Mon Aug 12 10:18 	0.14 	0.14 	0.14 	0.13 	4.6
Mon Aug 12 09:22 	0.15 	0.14 	0.15 	0.14 	4.6
Mon Aug 12 08:23 	0.16 	0.16 	0.16 	0.15 	4.6
Mon Aug 12 05:25 	0.15 	0.16 	0.16 	0.15 	4.0
Mon Aug 12 04:23 	0.15 	0.14 	0.15 	0.15 	4.0
Mon Aug 12 03:22 	0.15 	0.15 	0.15 	0.15 	4.0
Mon Aug 12 02:19 	0.14 	0.15 	0.15 	0.15 	4.0
Mon Aug 12 01:27 	0.15 	0.15 	0.14 	0.14 	4.0
Mon Aug 12 00:22 	0.14 	0.15 	0.15 	0.15 	4.0
Sun Aug 11 23:24 	0.15 	0.14 	0.14 	0.14 	4.1
Sun Aug 11 22:20 	0.14 	0.15 	0.15 	0.15 	4.1
Sun Aug 11 21:19 	0.15 	0.15 	0.15 	0.15 	4.1
Sun Aug 11 20:19 	0.15 	0.15 	0.15 	0.15 	4.1
Sun Aug 11 19:26 	0.14 	0.14 	0.14 	0.14 	4.1
Sun Aug 11 18:21 	0.16 	0.15 	0.15 	0.15 	4.6
Sun Aug 11 16:19 	0.18 	0.18 	0.18 	0.17 	4.1
Sun Aug 11 15:21 	0.22 	0.21 	0.19 	0.19 	4.6
Sun Aug 11 14:21 	0.21 	0.24 	0.25 	0.24 	4.6
Sun Aug 11 12:20 	0.25 	0.24 	0.24 	0.24 	4.6
Sun Aug 11 11:22 	0.25 	0.25 	0.25 	0.24 	4.6
Sun Aug 11 10:21 	0.26 	0.26 	0.25 	0.25 	4.6
Sun Aug 11 09:30 	0.26 	0.25 	0.25 	0.25 	4.9
Sun Aug 11 08:21 	0.25 	0.25 	0.25 	0.26 	4.6
Sun Aug 11 07:24 	0.24 	0.25 	0.25 	0.25 	4.0
Sun Aug 11 05:23 	0.23 	0.23 	0.23 	0.22 	4.0
Sun Aug 11 04:29 	0.21 	0.21 	0.21 	0.22 	4.0
Sun Aug 11 03:20 	0.21 	0.21 	0.21 	0.21 	4.0
Sun Aug 11 02:25 	0.2 	0.2 	0.19 	0.21 	4.0
Sun Aug 11 00:22 	0.16 	0.16 	0.18 	0.18 	4.1
Sat Aug 10 23:20 	0.15 	0.15 	0.15 	0.16 	4.0
Sat Aug 10 22:25 	0.14 	0.15 	0.14 	0.14 	4.0
Sat Aug 10 21:27 	0.14 	0.14 	0.13 	0.14 	4.0
Sat Aug 10 20:22 	0.13 	0.14 	0.15 	0.15 	4.1
Sat Aug 10 18:21 	0.13 	0.13 	0.13 	0.11 	4.6
Sat Aug 10 17:21 	0.13 	0.13 	0.13 	0.13 	4.1
Sat Aug 10 16:22 	0.12 	0.12 	0.12 	0.13 	4.1
Sat Aug 10 15:22 	0.13 	0.13 	0.13 	0.13 	4.6
Sat Aug 10 14:20 	0.11 	0.12 	0.12 	0.13 	4.1
Sat Aug 10 12:23 	0.11 	0.13 	0.13 	0.12 	4.6
Sat Aug 10 11:21 	0.14 	0.13 	0.14 	0.14 	4.6
Sat Aug 10 10:21 	0.14 	0.14 	0.14 	0.13 	4.6
Sat Aug 10 09:23 	0.15 	0.15 	0.14 	0.14 	4.6
Sat Aug 10 07:21 	0.14 	0.15 	0.15 	0.15 	4.0
Sat Aug 10 06:23 	0.14 	0.15 	0.15 	0.15 	4.0
Sat Aug 10 05:21 	0.14 	0.15 	0.15 	0.15 	4.0
Sat Aug 10 04:31 	0.14 	0.14 	0.14 	0.14 	4.0
Sat Aug 10 03:25 	0.14 	0.14 	0.14 	0.14 	4.0
Sat Aug 10 02:30 	0.13 	0.13 	0.13 	0.14 	4.0
Sat Aug 10 01:22 	0.13 	0.14 	0.15 	0.14 	4.0
Sat Aug 10 00:27 	0.14 	0.13 	0.13 	0.14 	4.1
Fri Aug 9 23:22 	0.13 	0.12 	0.13 	0.13 	4.0
Fri Aug 9 22:24 	0.13 	0.13 	0.13 	0.13 	4.1
Fri Aug 9 21:24 	0.12 	0.13 	0.13 	0.13 	4.0
Fri Aug 9 20:21 	0.12 	0.12 	0.11 	0.12 	4.1
Fri Aug 9 18:24 	0.12 	0.12 	0.11 	0.1 	4.6
Fri Aug 9 16:27 	0.13 	0.13 	0.13 	0.12 	4.6
Fri Aug 9 15:22 	0.14 	0.13 	0.12 	0.13 	4.6
Fri Aug 9 14:23 	0.14 	0.14 	0.14 	0.14 	4.6
Fri Aug 9 12:22 	0.14 	0.15 	0.15 	0.14 	4.6
Fri Aug 9 11:25 	0.16 	0.16 	0.15 	0.14 	4.6
Fri Aug 9 10:24 	0.17 	0.16 	0.16 	0.16 	4.6
Fri Aug 9 09:29 	0.16 	0.17 	0.16 	0.16 	4.6
Fri Aug 9 08:24 	0.18 	0.16 	0.17 	0.17 	4.6
Fri Aug 9 07:26 	0.16 	0.16 	0.16 	0.17 	4.0
Fri Aug 9 05:26 	0.16 	0.16 	0.16 	0.16 	4.0
Fri Aug 9 04:32 	0.16 	0.16 	0.15 	0.16 	4.0
Fri Aug 9 03:22 	0.15 	0.15 	0.15 	0.15 	4.0
Fri Aug 9 02:27 	0.15 	0.15 	0.15 	0.15 	4.0
Fri Aug 9 01:27 	0.16 	0.16 	0.16 	0.15 	4.0
Fri Aug 9 00:25 	0.15 	0.15 	0.16 	0.15 	4.0
Thu Aug 8 23:23 	0.15 	0.15 	0.16 	0.16 	4.0
Thu Aug 8 22:29 	0.15 	0.15 	0.16 	0.16 	4.0
Thu Aug 8 21:29 	0.15 	0.15 	0.15 	0.15 	4.1
Thu Aug 8 20:24 	0.15 	0.15 	0.15 	0.15 	4.0
Thu Aug 8 19:25 	0.14 	0.15 	0.15 	0.14 	4.1
Thu Aug 8 18:31 	0.14 	0.14 	0.14 	0.15 	4.6
Thu Aug 8 17:24 	0.15 	0.13 	0.14 	0.15 	4.1
Thu Aug 8 16:25 	0.13 	0.13 	0.14 	0.15 	4.6
Thu Aug 8 15:27 	0.15 	0.16 	0.15 	0.14 	4.6
Thu Aug 8 14:23 	0.15 	0.16 	0.16 	0.16 	4.6
Thu Aug 8 13:23 	0.16 	0.15 	0.15 	0.16 	4.6
Thu Aug 8 12:25 	0.16 	0.16 	0.16 	0.16 	4.6
Thu Aug 8 11:31 	0.17 	0.17 	0.16 	0.16 	4.6
Thu Aug 8 10:24 	0.17 	0.17 	0.16 	0.16 	4.6
Thu Aug 8 09:25 	0.18 	0.17 	0.17 	0.16 	4.6
Thu Aug 8 08:27 	0.17 	0.18 	0.17 	0.17 	4.0
Thu Aug 8 07:24 	0.17 	0.18 	0.17 	0.17 	4.0
Thu Aug 8 06:26 	0.17 	0.17 	0.17 	0.17 	4.0
Thu Aug 8 05:24 	0.16 	0.17 	0.17 	0.17 	4.0
Thu Aug 8 04:28 	0.16 	0.17 	0.17 	0.16 	4.0
Thu Aug 8 03:28 	0.17 	0.16 	0.17 	0.17 	4.0
Thu Aug 8 02:33 	0.17 	0.16 	0.16 	0.16 	4.0
Thu Aug 8 01:25 	0.16 	0.16 	0.16 	0.16 	4.0
Thu Aug 8 00:31 	0.16 	0.16 	0.16 	0.16 	4.1
Wed Aug 7 23:24 	0.16 	0.16 	0.16 	0.15 	4.0
Wed Aug 7 22:26 	0.16 	0.16 	0.17 	0.16 	4.1
Wed Aug 7 21:26 	0.16 	0.17 	0.16 	0.16 	4.1
Wed Aug 7 20:24 	0.16 	0.16 	0.16 	0.16 	4.1
Wed Aug 7 19:24 	0.16 	0.16 	0.16 	0.16 	4.1
Wed Aug 7 18:27 	0.15 	0.14 	0.15 	0.15 	4.1
Wed Aug 7 17:27 	0.16 	0.16 	0.15 	0.16 	4.6
Wed Aug 7 16:24 	0.15 	0.16 	0.15 	0.15 	4.6
Wed Aug 7 15:24 	0.17 	0.16 	0.17 	0.17 	4.6
Wed Aug 7 14:28 	0.16 	0.17 	0.16 	0.16 	4.6
Wed Aug 7 13:28 	0.17 	0.16 	0.17 	0.17 	4.6
Wed Aug 7 12:24 	0.17 	0.17 	0.17 	0.17 	4.6
Wed Aug 7 10:28 	0.17 	0.18 	0.18 	0.17 	4.6
Wed Aug 7 09:31 	0.16 	0.17 	0.17 	0.18 	4.4
Wed Aug 7 08:25 	0.17 	0.17 	0.18 	0.17 	4.6
Wed Aug 7 07:30 	0.17 	0.16 	0.17 	0.17 	4.6
Wed Aug 7 05:29 	0.17 	0.17 	0.17 	0.17 	4.0
Wed Aug 7 04:34 	0.16 	0.16 	0.17 	0.17 	4.0
Wed Aug 7 03:25 	0.15 	0.16 	0.16 	0.16 	4.0
Wed Aug 7 02:33 	0.16 	0.16 	0.16 	0.16 	4.1
Wed Aug 7 01:31 	0.15 	0.15 	0.16 	0.15 	4.1
Wed Aug 7 00:28 	0.15 	0.15 	0.15 	0.15 	4.1
Tue Aug 6 23:26 	0.14 	0.14 	0.14 	0.15 	4.1
Tue Aug 6 22:32 	0.14 	0.14 	0.14 	0.14 	4.1
Tue Aug 6 21:25 	0.14 	0.14 	0.14 	0.14 	4.1
Tue Aug 6 20:28 	0.13 	0.13 	0.14 	0.14 	4.1
Tue Aug 6 19:29 	0.13 	0.13 	0.13 	0.13 	4.1
Tue Aug 6 18:33 	0.13 	0.14 	0.13 	0.13 	4.3
Tue Aug 6 17:32 	0.14 	0.13 	0.12 	0.12 	4.1
Tue Aug 6 16:27 	0.12 	0.13 	0.13 	0.14 	4.1
Tue Aug 6 15:29 	0.12 	0.13 	0.12 	0.12 	4.1
Tue Aug 6 14:26 	0.14 	0.13 	0.14 	0.12 	4.6
Tue Aug 6 13:26 	0.15 	0.14 	0.15 	0.14 	4.6
Tue Aug 6 12:31 	0.14 	0.14 	0.15 	0.14 	4.6
Tue Aug 6 11:31 	0.15 	0.15 	0.15 	0.15 	4.6
Tue Aug 6 10:26 	0.15 	0.15 	0.15 	0.15 	4.6
Tue Aug 6 09:27 	0.14 	0.15 	0.15 	0.15 	4.6
Tue Aug 6 08:30 	0.15 	0.15 	0.15 	0.15 	4.6
Tue Aug 6 07:27 	0.14 	0.15 	0.15 	0.15 	4.0
Tue Aug 6 05:27 	0.13 	0.13 	0.14 	0.13 	4.1
Tue Aug 6 04:35 	0.13 	0.13 	0.13 	0.13 	4.0
Tue Aug 6 03:31 	0.12 	0.12 	0.12 	0.12 	4.0
Tue Aug 6 02:31 	0.11 	0.11 	0.11 	0.13 	4.1
Tue Aug 6 01:27 	0.11 	0.12 	0.11 	0.12 	4.1
Tue Aug 6 00:33 	0.11 	0.11 	0.11 	0.11 	4.1
Mon Aug 5 23:27 	0.11 	0.11 	0.11 	0.11 	4.1
Mon Aug 5 22:29 	0.1 	0.11 	0.11 	0.11 	4.1
Mon Aug 5 21:29 	0.11 	0.11 	0.11 	0.11 	4.1
Mon Aug 5 20:27 	0.09 	0.1 	0.1 	0.11 	4.1
Mon Aug 5 19:29 	0.07 	0.07 	0.08 	0.09 	4.1
Mon Aug 5 18:31 	0.09 	0.07 	0.06 	0.07 	4.6
Mon Aug 5 17:30 	0.09 	0.09 	0.07 	0.08 	4.6
Mon Aug 5 16:34 	0.11 	0.09 	0.1 	0.1 	4.6
Mon Aug 5 14:31 	0.12 	0.13 	0.12 	0.11 	4.6
Mon Aug 5 13:32 	0.13 	0.13 	0.13 	0.13 	4.6
Mon Aug 5 12:29 	0.13 	0.13 	0.14 	0.13 	4.6
Mon Aug 5 11:42 	0.14 	0.15 	0.14 	0.13 	4.6
Mon Aug 5 10:33 	0.15 	0.14 	0.14 	0.14 	4.6
Mon Aug 5 09:32 	0.15 	0.15 	0.14 	0.15 	4.6
Mon Aug 5 08:37 	0.15 	0.15 	0.15 	0.15 	4.6
Mon Aug 5 07:34 	0.15 	0.15 	0.15 	0.15 	4.1
Mon Aug 5 05:31 	0.14 	0.14 	0.14 	0.14 	4.0
Mon Aug 5 03:30 	0.13 	0.13 	0.13 	0.13 	4.0
Mon Aug 5 01:33 	0.12 	0.13 	0.13 	0.13 	4.0
Mon Aug 5 00:39 	0.12 	0.12 	0.13 	0.12 	4.1
Sun Aug 4 23:30 	0.12 	0.12 	0.12 	0.12 	4.1
Sun Aug 4 22:32 	0.11 	0.12 	0.11 	0.12 	4.1
Sun Aug 4 21:29 	0.11 	0.1 	0.11 	0.12 	4.1
Sun Aug 4 20:31 	0.1 	0.1 	0.1 	0.11 	4.1
Sun Aug 4 19:31 	0.1 	0.11 	0.09 	0.1 	4.5
Sun Aug 4 18:36 	0.1 	0.09 	0.09 	0.09 	4.6
Sun Aug 4 17:36 	0.1 	0.1 	0.09 	0.1 	4.6
Sun Aug 4 16:30 	0.11 	0.1 	0.1 	0.11 	4.1
Sun Aug 4 15:32 	0.11 	0.1 	0.11 	0.1 	4.6
Sun Aug 4 14:37 	0.11 	0.11 	0.11 	0.11 	4.6
Sun Aug 4 13:30 	0.12 	0.1 	0.1 	0.11 	4.6
Sun Aug 4 12:33 	0.11 	0.12 	0.11 	0.1 	4.6
Sun Aug 4 11:37 	0.11 	0.11 	0.12 	0.11 	4.6
Sun Aug 4 10:31 	0.11 	0.11 	0.11 	0.11 	4.6
Sun Aug 4 09:32 	0.11 	0.11 	0.12 	0.11 	4.6
Sun Aug 4 08:33 	0.12 	0.11 	0.12 	0.12 	4.6
Sun Aug 4 07:31 	0.12 	0.12 	0.11 	0.11 	4.0
Sun Aug 4 06:32 	0.11 	0.11 	0.1 	0.11 	4.1
Sun Aug 4 05:39 	0.1 	0.1 	0.11 	0.11 	4.0
Sun Aug 4 03:34 	0.09 	0.08 	0.09 	0.1 	4.1
Sun Aug 4 02:33 	0.09 	0.09 	0.08 	0.09 	4.1
Sun Aug 4 01:32 	0.09 	0.09 	0.09 	0.08 	4.1
Sat Aug 3 23:36 	0.08 	0.08 	0.09 	0.08 	4.1
Sat Aug 3 21:33 	0.07 	0.07 	0.06 	0.07 	4.1
Sat Aug 3 19:39 	0.07 	0.07 	0.07 	0.07 	4.1
Sat Aug 3 18:40 	0.07 	0.07 	0.07 	0.09 	4.1
Sat Aug 3 17:33 	0.05 	0.07 	0.05 	0.06 	4.6
Sat Aug 3 16:36 	0.06 	0.05 	0.05 	0.06 	5.1
Sat Aug 3 15:38 	0.05 	0.06 	0.07 	0.07 	6.0
Sat Aug 3 14:33 	0.09 	0.09 	0.09 	0.08 	5.5
Sat Aug 3 13:34 	0.1 	0.09 	0.09 	0.08 	4.6
Sat Aug 3 12:39 	0.09 	0.1 	0.09 	0.09 	4.6
Sat Aug 3 11:42 	0.11 	0.12 	0.11 	0.1 	4.6
Sat Aug 3 10:35 	0.11 	0.11 	0.11 	0.1 	4.6
Sat Aug 3 08:35 	0.12 	0.12 	0.12 	0.12 	4.6
Sat Aug 3 05:35 	0.11 	0.11 	0.12 	0.12 	4.1
Sat Aug 3 03:40 	0.1 	0.11 	0.1 	0.12 	4.1
Sat Aug 3 02:39 	0.1 	0.1 	0.1 	0.11 	4.1
Sat Aug 3 01:37 	0.11 	0.11 	0.1 	0.11 	4.1
Fri Aug 2 23:35 	0.09 	0.1 	0.1 	0.1 	4.1
Fri Aug 2 21:39 	0.08 	0.09 	0.08 	0.07 	4.1
Fri Aug 2 20:45 	0.09 	0.09 	0.06 	0.09 	4.1
Fri Aug 2 19:35 	0.07 	0.06 	0.07 	0.08 	4.6
Fri Aug 2 18:40 	0.06 	0.06 	0.06 	0.06 	5.1
Fri Aug 2 17:38 	0.05 	0.05 	0.05 	0.06 	5.6
Fri Aug 2 16:42 	0.09 	0.07 	0.07 	0.08 	6.1
Fri Aug 2 15:44 	0.09 	0.09 	0.09 	0.07 	5.7
Fri Aug 2 14:39 	0.1 	0.09 	0.09 	0.09 	5.6
Fri Aug 2 13:41 	0.11 	0.11 	0.1 	0.09 	4.6
Fri Aug 2 12:45 	0.1 	0.11 	0.11 	0.11 	4.6
Fri Aug 2 11:37 	0.12 	0.11 	0.12 	0.11 	4.6
Fri Aug 2 10:41 	0.12 	0.11 	0.12 	0.12 	4.6
Fri Aug 2 09:43 	0.13 	0.12 	0.12 	0.13 	4.6
Fri Aug 2 08:38 	0.14 	0.14 	0.14 	0.13 	4.6
Fri Aug 2 07:47 	0.13 	0.14 	0.14 	0.14 	4.6
Fri Aug 2 06:44 	0.13 	0.13 	0.14 	0.13 	4.0
Fri Aug 2 05:42 	0.13 	0.13 	0.13 	0.13 	4.1
Fri Aug 2 03:38 	0.12 	0.12 	0.12 	0.13 	4.1
Fri Aug 2 02:44 	0.12 	0.12 	0.12 	0.12 	4.1
Fri Aug 2 01:44 	0.12 	0.12 	0.12 	0.12 	4.1
Thu Aug 1 23:39 	0.1 	0.1 	0.1 	0.1 	4.1
Thu Aug 1 22:47 	0.11 	0.11 	0.1 	0.11 	4.1
Thu Aug 1 21:44 	0.11 	0.11 	0.11 	0.1 	4.1
Thu Aug 1 21:44 	0.11 	0.11 	0.11 	0.1 	4.1
Thu Aug 1 20:40 	0.1 	0.11 	0.11 	0.11 	4.1
Thu Aug 1 19:42 	0.09 	0.09 	0.09 	0.1 	4.5
Thu Aug 1 17:43 	0.1 	0.09 	0.09 	0.1 	5.7
Thu Aug 1 16:39 	0.12 	0.12 	0.12 	0.09 	6.2
Thu Aug 1 15:41 	0.11 	0.12 	0.12 	0.12 	5.8
Thu Aug 1 14:45 	0.14 	0.14 	0.13 	0.13 	6.0
Thu Aug 1 13:47 	0.15 	0.15 	0.14 	0.14 	4.6
Thu Aug 1 12:41 	0.15 	0.15 	0.15 	0.15 	5.6
Thu Aug 1 11:43 	0.17 	0.17 	0.16 	0.16 	4.6
Thu Aug 1 10:40 	0.16 	0.17 	0.16 	0.17 	4.6
Thu Aug 1 09:40 	0.17 	0.16 	0.16 	0.16 	4.6
Thu Aug 1 08:45 	0.18 	0.18 	0.18 	0.17 	4.6
Thu Aug 1 05:47 	0.17 	0.17 	0.17 	0.17 	4.1
Thu Aug 1 03:44 	0.15 	0.16 	0.16 	0.16 	4.1
Thu Aug 1 02:43 	0.16 	0.16 	0.16 	0.15 	4.1
Thu Aug 1 01:41 	0.15 	0.16 	0.16 	0.16 	4.1
Thu Aug 1 00:47 	0.15 	0.15 	0.15 	0.15 	4.1
Wed Jul 31 23:45 	0.14 	0.16 	0.16 	0.14 	4.1
Wed Jul 31 22:50 	0.16 	0.16 	0.15 	0.15 	4.1
Wed Jul 31 21:42 	0.14 	0.15 	0.15 	0.15 	4.1
Wed Jul 31 20:47 	0.13 	0.14 	0.14 	0.15 	4.1
Wed Jul 31 19:47 	0.12 	0.12 	0.13 	0.14 	4.2
Wed Jul 31 17:41 	0.14 	0.14 	0.13 	0.13 	5.7
Wed Jul 31 16:45 	0.14 	0.15 	0.15 	0.14 	6.1
Wed Jul 31 15:48 	0.16 	0.17 	0.15 	0.14 	5.9
Wed Jul 31 14:43 	0.18 	0.17 	0.17 	0.16 	6.5
Wed Jul 31 13:44 	0.19 	0.18 	0.18 	0.18 	4.6
Wed Jul 31 12:47 	0.2 	0.2 	0.2 	0.19 	4.6
Wed Jul 31 11:49 	0.2 	0.21 	0.2 	0.2 	4.6
Wed Jul 31 10:44 	0.21 	0.2 	0.21 	0.21 	4.6
Wed Jul 31 09:45 	0.21 	0.2 	0.2 	0.21 	4.6
Wed Jul 31 08:52 	0.21 	0.21 	0.21 	0.21 	4.6
Wed Jul 31 07:50 	0.21 	0.21 	0.22 	0.21 	4.6
Wed Jul 31 05:44 	0.2 	0.2 	0.21 	0.2 	4.0
Wed Jul 31 03:49 	0.18 	0.19 	0.2 	0.19 	4.1
Wed Jul 31 02:49 	0.18 	0.18 	0.19 	0.19 	4.1
Wed Jul 31 01:46 	0.18 	0.19 	0.2 	0.18 	4.1
Wed Jul 31 00:46 	0.19 	0.18 	0.18 	0.18 	4.1
Tue Jul 30 23:44 	0.18 	0.18 	0.18 	0.17 	4.1
Tue Jul 30 22:51 	0.18 	0.17 	0.18 	0.17 	4.1
Tue Jul 30 21:47 	0.18 	0.18 	0.17 	0.17 	4.1
Tue Jul 30 19:44 	0.18 	0.18 	0.17 	0.18 	4.1
Tue Jul 30 18:43 	0.18 	0.17 	0.18 	0.17 	5.4
Tue Jul 30 17:45 	0.2 	0.19 	0.19 	0.18 	4.6
Tue Jul 30 16:43 	0.22 	0.2 	0.21 	0.21 	4.6
Tue Jul 30 15:44 	0.22 	0.0 	0.0 	0.0 	4.4
Tue Jul 30 15:16 	0.22 	0.23 	0.24 	0.23 	4.2
Tue Jul 30 13:15 	0.22 	0.22 	0.22 	0.22 	4.1
Tue Jul 30 13:10 	0.22 	0.22 	0.22 	0.17 	4.4
Tue Jul 30 13:03 	0.22 	0.22 	0.22 	0.22 	4.4
Tue Jul 30 12:59 	0.22 	0.22 	0.23 	0.22 	4.4
Tue Jul 30 12:53 	0.22 	0.22 	0.22 	0.22 	4.4
Tue Jul 30 12:44 	0.22 	0.22 	0.22 	0.22 	5.2
Tue Jul 30 12:36 	0.22 	0.22 	0.22 	0.22 	4.6
Tue Jul 30 12:17 	0.21 	0.22 	0.22 	0.22 	5.8
